epoch,train_loss,train_acc,val_loss,val_acc,learning_rate,time_per_epoch
1,0.5647706130877236,84.47327451997924,0.25057412262417766,95.14321295143213,5e-05,37.873944997787476
